gcdm_customer_id,country,optin_channel,data_date
B6FD162E60C91EE68E86F8FE7A744276,AU,N,2021-01-15
B6FD162E60C91EE68CD25861745D8276,AU,Y,2021-01-15
B6FD162E60C91EE68DDC38284D304276,AU,N,2021-01-15
0017A47705E81ED7B7B811A6B76D80C3,AU,N,2021-01-15
0017A47705F21EE697BC2BF7CF005F31,AU,Y,2021-01-15
005056B864471EDB8C96CD62A77B9CB3,AU,,2021-01-15
0017A47705F21EE68BDDA328E5725F31,AU,N,2021-01-15
005056B85CC51EDAB2A0563FB18943CB,AU,Y,2021-01-15
B6FD162E60C91EE68E90E23A792C6276,AU,Y,2021-01-15
0017A47705F21EE6A0E5ACF77A827F31,AU,Y,2021-01-15
B6FD162E60C91EE68E84DD4974C84276,AU,N,2021-01-15
B6FD162E60C91EE68CD3DC6A98372276,AU,,2021-01-15
005056B829D81EE99FC6082EA3FD57CF,AU,N,2021-01-15
B6FD162E60C91EE68DDD0BE1DA652276,AU,N,2021-01-15
0017A47705F21EE68BD3CBC009FC3F31,AU,Y,2021-01-15
B6FD162E60C91EE68E8796C30BB7E276,AU,N,2021-01-15
005056B85CC51EEB92D527C3328531AF,AU,Y,2021-01-15
005056B864471EE9B09ECFF6923E3FF8,AU,Y,2021-01-15
005056B829D81EE9B2B3F134649D11AC,AU,Y,2021-01-15
005056B864471EEA92A6E0FC35D9372B,AU,,2021-01-15
005056B8A9EA1EEABBA4E8B174C761C8,AU,Y,2021-01-15
B6FD162E60C91EE68DD75AF8D4958276,AU,Y,2021-01-15
0017A47705F21EE68BC4D49CC2085F31,AU,N,2021-01-15
005056B85CC51ED8A2B9BB10FF8DCB68,AU,,2021-01-15
B6FD162E60C91EE68CA00CB554692276,AU,N,2021-01-15
005056B85CC51EEA83F5441F60ABF8D2,AU,,2021-01-15
005056B829D81EEB80E4E6B370C26FFD,AU,N,2021-01-15
B6FD162E60C91EE6A2BD436C4D85A276,AU,,2021-01-15
B6FD162E60C91EE68E98A77E5C1D2276,AU,N,2021-01-15
B6FD162E60C91EE6A2BCD92DC6284276,AU,Y,2021-01-15
B6FD162E60C91EE68E8E7D3A8A9D0276,AU,N,2021-01-15
005056B864471EE8A1C3E8D412AC398F,AU,,2021-01-15
B6FD162E60C91EE6A2B9DBE1D186E276,AU,N,2021-01-15
B6FD162E60C91EE68CC770DDA8234276,AU,,2021-01-15
B6FD162E60C91EE68E88DDB8D2EAE276,AU,N,2021-01-15
B6FD162E60C91EE68DE38269B4C5A276,AU,,2021-01-15
B6FD162E60C91EE68CCCF7E3F35FE276,AU,Y,2021-01-15
0017A47705F21ED6B0A5A5BDF536094F,AU,Y,2021-01-15
B6FD162E60C91EE68CC85D03DC90E276,AU,N,2021-01-15
005056B864471EDA929F1E9D8295F80B,AU,Y,2021-01-15
B6FD162E60C91EE68CC22582D90E2276,AU,Y,2021-01-15
005056B85CC51EDAB1A27DFF362544CD,AU,Y,2021-01-15
B6FD162E60C91EE68CF1DFF780654276,AU,Y,2021-01-15
005056B8A9EA1EEAB188B7049CE3B12F,AU,,2021-01-15
B6FD162E60C91EE68CEAF6433A54A276,AU,N,2021-01-15
B6FD162E60C91EE68CC317ACFA0DC276,AU,,2021-01-15
B6FD162E60C91EE68CA18CC1BFD0C276,AU,Y,2021-01-15
B6FD162E60C91EE68CC125EE55910276,AU,Y,2021-01-15
0017A47705F21EE68CB9AA02C8EFBF31,AU,,2021-01-15
B6FD162E60C91EE68CE24EE714E46276,AU,Y,2021-01-15
0017A47705F21EE68DEFE69983081F31,AU,,2021-01-15
B6FD162E60C91EE68CCF3BDD49160276,AU,Y,2021-01-15
B6FD162E60C91EE68DDB891FD9586276,AU,Y,2021-01-15
B6FD162E60C91EE68DDC9F538514C276,AU,Y,2021-01-15
0017A47705F21EE68BD5CA10884D5F31,AU,Y,2021-01-15
005056B85CC51EE8BCE58E2B23A4BF51,AU,Y,2021-01-15
B6FD162E60C91EE68CCF6659BC0FE276,AU,,2021-01-15
0017A47705F21EE699EB838FE9AF5F31,AU,,2021-01-15
0017A47705F21EE68D839AEE76BADF31,AU,Y,2021-01-15
005056B829D81EE8B2945D3B61A6BA0C,AU,,2021-01-15
B6FD162E60C91EE68E8F9F88FA834276,AU,Y,2021-01-15
B6FD162E60C91EE68DD92B0094C9C276,AU,Y,2021-01-15
005056B85CC51ED9B0B81FAAACA8BF6D,AU,Y,2021-01-15
005056B829D81EE9BF83976B30D427F3,AU,,2021-01-15
005056B8A9EA1EDAB7C712AB19E88BFE,AU,Y,2021-01-15
005056B8A9EA1EDA92B7FDD660411125,AU,N,2021-01-15
005056B8A9EA1EE8B58DE350C88F4B55,AU,,2021-01-15
0017A47705F21EE68DF38FF9FE611F31,AU,N,2021-01-15
0017A47705F21ED6B0812D94C8C7A94F,AU,Y,2021-01-15
B6FD162E60C91EE68E8D64D3312C4276,AU,N,2021-01-15
005056B8A9EA1EE8AC891266CFF7F675,AU,N,2021-01-15
005056B85CC51EDA99A794861B2487A6,AU,Y,2021-01-15
005056B829D81EEB80809190C45C268D,AU,Y,2021-01-15
B6FD162E60C91EE68CC441038FB80276,AU,N,2021-01-15
005056B85CC51EEA9BBBC122CC50F8F3,AU,N,2021-01-15
B6FD162E60C91EE68E8AA2D1D7A3A276,AU,Y,2021-01-15
B6FD162E60C91EE6A2BB38CAEF90E276,AU,N,2021-01-15
005056B829D81EEB8CFBEA05335E978C,AU,Y,2021-01-15
B6FD162E60C91EE68CD205B07F83C276,AU,Y,2021-01-15
B6FD162E60C91EE68E8493DE8176C276,AU,Y,2021-01-15
005056B8A9EA1EEA82DA40F7154FD86E,AU,Y,2021-01-15
B6FD162E60C91EE68CD5494D7433A276,AU,N,2021-01-15
B6FD162E60C91EE68DD5E3D57BAD8276,AU,N,2021-01-15
005056B864471EEA83F5CBD90484F6EE,AU,,2021-01-15
B6FD162E60C91EE68E992543222EA276,AU,Y,2021-01-15
B6FD162E60C91EE6A2B86E8CEF6AE276,AU,N,2021-01-15
0017A47705F21EE68BD73065A4991F31,AU,N,2021-01-15
005056B8A9EA1EE8B5F480E74FC90237,AU,,2021-01-15
005056B85CC51EDAADDE5683590EEF82,AU,Y,2021-01-15
B6FD162E60C91EE68DDD4FB0F61F2276,AU,N,2021-01-15
005056B864471ED9A2A63597D34D886A,AU,N,2021-01-15
005056B8A9EA1EE9AED5F3F62F8B9920,AU,N,2021-01-15
B6FD162E60C91EE68CCBA10DB61F0276,AU,Y,2021-01-15
0017A47705F21EE68DF9AB2783231F31,AU,N,2021-01-15
B6FD162E60C91EE68CF68DC4820A2276,AU,Y,2021-01-15
B6FD162E60C91EE68DD953B7F1C70276,AU,Y,2021-01-15
005056B864471EE8AFCDDA20A91581A1,AU,Y,2021-01-15
005056B864471ED993F9D0A45252533B,AU,,2021-01-15
0017A47705E81ED88CA825EA3A1B00C3,AU,Y,2021-01-15
005056B85CC51EE99CE625F223F98B67,AU,N,2021-01-15
005056B864471ED999D3E23192AC4EEC,AU,Y,2021-01-15
0017A47705F21EE68D82ED7F8B46DF31,AU,Y,2021-01-15
B6FD162E60C91EE6A2BCB306C39EE276,AU,Y,2021-01-15
B6FD162E60C91EE68CD3556C7058C276,AU,,2021-01-15
005056B85CC51EE8A9C28055CB290000,AU,Y,2021-01-15
B6FD162E60C91EE68CC64A5B54F36276,AU,N,2021-01-15
005056B85CC51EE9BFE15CB2D4F14523,AU,Y,2021-01-15
005056B829D81ED8A3BECE5ED7F15AD1,AU,N,2021-01-15
B6FD162E60C91EE68CC7186C8443E276,AU,N,2021-01-15
D1C28602FDCA1ED6BBDB0FFF0FDBB611,AU,Y,2021-01-15
005056B8A9EA1ED995DC82A75DD47ED2,AU,N,2021-01-15
0017A47705E81ED7AFB0FC2E769300C3,AU,N,2021-01-15
0017A47705F21EE68DEBE976B6F5DF31,AU,Y,2021-01-15
005056B829D81EDAAEDB7A78508D1DB9,AU,Y,2021-01-15
005056B864471EDB84A94668FE971A24,AU,Y,2021-01-15
B6FD162E60C91EE68CCACE5150166276,AU,Y,2021-01-15
0017A47705F21EE68DE5DDDAC0595F31,AU,Y,2021-01-15
B6FD162E60C91EE6A2BE7740F357E276,AU,,2021-01-15
B6FD162E60C91EE68E854B43FF578276,AU,Y,2021-01-15
005056B829D81EEB80999CB154B3DF33,AU,Y,2021-01-15
B6FD162E60C91EE68CC1494605E38276,AU,Y,2021-01-15
005056B864471EDA929F0004F23E77B5,AU,,2021-01-15
005056B85CC51EE8A1F02C401B1CD5D8,AU,Y,2021-01-15
005056B829D81EDAB9F524B47D74218D,AU,N,2021-01-15
B6FD162E60C91EE68CC4F9E4DC11A276,AU,N,2021-01-15
005056B85CC51EEA83F5A3D0FAF93AC3,AU,,2021-01-15
0017A47705F21EE697BE2FBB826EBF31,AU,,2021-01-15
B6FD162E60C91EE68CDDDCDD46BA8276,AU,Y,2021-01-15
0017A4770E001ED786EC9C5A309E00BD,AU,,2021-01-15
0017A47705E81ED787F93C88CA47A0BF,AU,,2021-01-15
005056B864471EDAA1E07273BF47B27D,AU,Y,2021-01-15
005056B864471EDAA5A55442FCC278F5,AU,Y,2021-01-15
0017A47705F21EE68BD53FCA564F7F31,AU,Y,2021-01-15
B6FD162E60C91EE6A2B9A450E2F48276,AU,N,2021-01-15
B6FD162E60C91EE68CC5D9AB225AA276,AU,,2021-01-15
0017A47705F21ED6ADCA451D9989A94F,AU,Y,2021-01-15
0017A47705F21ED6B5EECB0CD237894F,AU,Y,2021-01-15
0017A47705F21ED6B0DAF268CA87C94F,AU,Y,2021-01-15
B6FD162E60C91EE68DDC37D3CDE6A276,AU,N,2021-01-15
B6FD162E60C91EE68CD3DC6A9BCBA276,AU,,2021-01-15
B6FD162E60C91EE697D612B5B107C276,AU,,2021-01-15
0017A47705F21EE69E9F060C2DED1F31,AU,Y,2021-01-15
B6FD162E60C91EE6A2BDB65795302276,AU,,2021-01-15
B6FD162E60C91EE68CC6A223951FA276,AU,N,2021-01-15
B6FD162E60C91EE68CA0BC0B5024C276,AU,Y,2021-01-15
005056B8A9EA1EDAAAFED2E27605BBA9,AU,Y,2021-01-15
0017A47705F21EE68CEC1D113CB2FF31,AU,N,2021-01-15
B6FD162E60C91EE68CEE49DC69818276,AU,Y,2021-01-15
B6FD162E60C91EE6A2B996E05DAD0276,AU,N,2021-01-15
B6FD162E60C91EE68CCB7E2AE5962276,AU,,2021-01-15
B6FD162E60C91EE68CDFB39F935CE276,AU,,2021-01-15
005056B8A9EA1EDA8DC1AF6A920B9491,AU,N,2021-01-15
0017A47705E81ED7BB9E5C46EFC960C3,AU,,2021-01-15
0017A4770E0A1ED7B1FD69CA332C40C3,AU,N,2021-01-15
005056B829D81EDA83F5BA4FEDCCE38B,AU,,2021-01-15
0017A47705F21EE6A2A7ED6533BADF31,AU,N,2021-01-15
005056B8A9EA1EE9B6F59250B9AE41A9,AU,,2021-01-15
D1C28602FDCA1ED6A6E862E0CB5DD611,AU,Y,2021-01-15
005056B85CC51ED8989D9DF109A35093,AU,Y,2021-01-15
0017A47705E81ED7AE851BBC8604A0C3,AU,,2021-01-15
0017A47705EE1ED795BA84C5F6C480C0,AU,Y,2021-01-15
B6FD162E60C91EE68CC649FB180CE276,AU,,2021-01-15
005056B829D81EEAA6A350F3FC4F279E,AU,Y,2021-01-15
0017A47705F21ED6B28D306423F3094F,AU,N,2021-01-15
0017A47705F21EE68DF1C3F2288C9F31,AU,N,2021-01-15
B6FD162E60C91EE68CED4B8723344276,AU,N,2021-01-15
0017A4770E0A1ED7BEF3B9629D7E20C3,AU,N,2021-01-15
B6FD162E60C91EE68CC8DE395DBC2276,AU,Y,2021-01-15
B6FD162E60C91EE68CEB93C16EE08276,AU,,2021-01-15
0017A47705F21EE68DF10D4EAE4DDF31,AU,Y,2021-01-15
0017A4770E0A1ED8898FC125EFFD80C3,AU,Y,2021-01-15
0017A47705F21EE68DF70BD113695F31,AU,N,2021-01-15
005056B8A9EA1EDA91D5D12791A14B88,AU,N,2021-01-15
B6FD162E60C91EE68CC16412CB11C276,AU,,2021-01-15
B6FD162E60C91EE68CC1BCBE9E6CA276,AU,Y,2021-01-15
B6FD162E60C91EE6A2BE5C07D7CE0276,AU,,2021-01-15
0017A47705F21EE68DF4C29A15117F31,AU,N,2021-01-15
005056B8A9EA1EDABCA2847BB299950F,AU,Y,2021-01-15
B6FD162E60C91EE6A2BAF620C103E276,AU,N,2021-01-15
B6FD162E60C91EE68CC1DCFB0EE0A276,AU,,2021-01-15
B6FD162E60C91EE68CC09BE124798276,AU,,2021-01-15
B6FD162E60C91EE68DE150380F06C276,AU,N,2021-01-15
005056B8A9EA1EE995C2C0D20D5FCBB6,AU,Y,2021-01-15
0017A4770E0A1ED7BEC913C295A1A0C3,AU,Y,2021-01-15
B6FD162E60C91EE6A2BAC841D8B8C276,AU,N,2021-01-15
0017A47705F21EE68CE9BE09E7757F31,AU,N,2021-01-15
B6FD162E60C91EE68DE216D74903E276,AU,,2021-01-15
B6FD162E60C91EE68CC5D97A6D60C276,AU,Y,2021-01-15
005056B864471EEAA9E712E7231C9AAD,AU,Y,2021-01-15
B6FD162E60C91EE68DD867A934E9A276,AU,,2021-01-15
B6FD162E60C91EE68E8749B2463E0276,AU,N,2021-01-15
B6FD162E60C91EE68DDFD62DEAD3A276,AU,Y,2021-01-15
005056B864471EE9B7C16E50702B2320,AU,Y,2021-01-15
0017A47705F21EE68DEC966C026D1F31,AU,,2021-01-15
005056B8A9EA1EE9AEBCDD15A6C7EC30,AU,N,2021-01-15
B6FD162E60C91EE68DDF6F856A766276,AU,N,2021-01-15
0017A47705F21EE68DF63F86F6F4DF31,AU,N,2021-01-15
0017A47705F21EE68DF7F1D9AF46FF31,AU,N,2021-01-15
005056B864471EE99B83A2D3A066F561,AU,N,2021-01-15
0017A47705F21EE68CB9A9B16C63BF31,AU,Y,2021-01-15
B6FD162E60C91EE697F901C727042276,AU,Y,2021-01-15
0017A47705EE1ED79AF98EFECD95A0C0,AU,N,2021-01-15
0017A47705E41ED7A8A6CD9186FD40C1,AU,N,2021-01-15
0017A47705F21ED6B5D06A5CD471894F,AU,N,2021-01-15
005056B85CC51EEA83F575857BF3B9F2,AU,,2021-01-15
B6FD162E60C91EE68E91130DC694C276,AU,Y,2021-01-15
0017A47705F21EE68DF2FBEE4FBAFF31,AU,N,2021-01-15
005056B8A9EA1EE9AB9103DAA6774A18,AU,,2021-01-15
005056B829D81ED8BA82940D91625193,AU,,2021-01-15
005056B864471EE8A3F11446BCE7FA52,AU,Y,2021-01-15
005056B864471EE99B9F0713024CCB2E,AU,Y,2021-01-15
005056B864471EE89EF49FE1E1AAB1AB,AU,Y,2021-01-15
B6FD162E60C91EE68E83F0811783E276,AU,N,2021-01-15
B6FD162E60C91EE68CE0370ED3B26276,AU,N,2021-01-15
B6FD162E60C91EE6A2BBBE20FBD54276,AU,N,2021-01-15
005056B864471ED98EBAC2445FD655EE,AU,Y,2021-01-15
0017A47705E81ED8809580CEDC8880C3,AU,Y,2021-01-15
005056B864471EDAA5A56E82B646F997,AU,Y,2021-01-15
005056B864471EE9A9FF48D597B26FDA,AU,,2021-01-15
0017A47705F21EE68BD5F91812C03F31,AU,N,2021-01-15
005056B864471ED98EBC0383154FBA79,AU,,2021-01-15
005056B85CC51EE98387F8F2BA67CD62,AU,N,2021-01-15
0017A47705F21EE68EB2FF53452CBF31,AU,Y,2021-01-15
B6FD162E60C91EE68CF39F8C5002C276,AU,,2021-01-15
005056B8A9EA1EE980A7F17094547C50,AU,N,2021-01-15
B6FD162E60C91EE697D373B9ED62A276,AU,N,2021-01-15
D1C28602FDCA1ED6B993E66D5373B611,AU,,2021-01-15
B6FD162E60C91EE68CEC51A4998F2276,AU,N,2021-01-15
0017A4770E001ED78C93AAD645A800BD,AU,Y,2021-01-15
B6FD162E60C91EE68CF3F2D5F5588276,AU,N,2021-01-15
005056B864471EDB84A973F8BCC81B07,AU,Y,2021-01-15
005056B864471EEA83F5623C81AF351F,AU,,2021-01-15
B6FD162E60C91EE68CD1DEB925652276,AU,,2021-01-15
0017A47705F21EE68BD38DFD191F1F31,AU,N,2021-01-15
B6FD162E60C91EE68CD52572FD63E276,AU,,2021-01-15
0017A47705F21EE68BD4E4C289FFFF31,AU,N,2021-01-15
005056B85CC51EE898D3C7D3F8585118,AU,Y,2021-01-15
005056B8A9EA1EE984EA30BDB1817094,AU,Y,2021-01-15
B6FD162E60C91EE68CDFDE60D1CC6276,AU,Y,2021-01-15
0017A4770E041ED7A8DA29ACD79660C1,AU,Y,2021-01-15
B6FD162E60C91EE68CDEF0C8F9158276,AU,N,2021-01-15
0017A47705F21EE69DBA45A6C5481F31,AU,N,2021-01-15
005056B85CC51EE896EDF0CB4052D381,AU,Y,2021-01-15
0017A47705EE1ED79CDB4B95F24EE0C0,AU,Y,2021-01-15
0017A47705F21EE697C215D5B47B9F31,AU,N,2021-01-15
0017A4770E041ED7A1BA3237F3DBC0C1,AU,N,2021-01-15
005056B829D81EEAA2AC5FC9A884E77D,AU,N,2021-01-15
B6FD162E60C91EE68E8D3EEB0AFDC276,AU,N,2021-01-15
005056B85CC51ED8BDE106A9E2D2B772,AU,N,2021-01-15
B6FD162E60C91EE68E9B14B70CDF8276,AU,Y,2021-01-15
0017A4770E0A1ED886D90D22089400C3,AU,Y,2021-01-15
B6FD162E60C91EE6A2BF1A6E18C8C276,AU,N,2021-01-15
B6FD162E60C91EE68CD127AC8F618276,AU,Y,2021-01-15
0017A47705F21EE68DD1590DC9243F31,AU,N,2021-01-15
0017A47705F21EE68BDD7514F5EADF31,AU,N,2021-01-15
0017A47705F21EE695A49D7D961DBF31,AU,Y,2021-01-15
B6FD162E60C91EE68CF5F7A93D9BE276,AU,N,2021-01-15
B6FD162E60C91EE68CE24F0BDF8CC276,AU,N,2021-01-15
0017A4770E0A1ED88684B8FA9C2E80C3,AU,N,2021-01-15
0017A47705F21EE68DF2FC1B508EBF31,AU,Y,2021-01-15
005056B8A9EA1EE98F85277080AF226C,AU,,2021-01-15
005056B829D81EDA83F5B43F435FA38A,AU,,2021-01-15
B6FD162E60C91EE68CD2A8956D8EA276,AU,,2021-01-15
D1C28602FDCA1ED6B8971E324EFF3611,AU,,2021-01-15
0017A47705F21EE68DD1D10DCAA55F31,AU,Y,2021-01-15
005056B864471EE8BFC3D92DCD3C908D,AU,N,2021-01-15
0017A47705EE1ED791E08F7DBF8180C0,AU,Y,2021-01-15
0017A47705F21EE68DF34407C4A1DF31,AU,Y,2021-01-15
0017A47705F21EE68BC4342391C69F31,AU,N,2021-01-15
005056B864471EDA98F50E2916E96908,AU,N,2021-01-15
005056B864471EE8B392BD8C2DD27371,AU,Y,2021-01-15
005056B829D81EE9B095C3F78CDB0531,AU,,2021-01-15
005056B85CC51ED985ED43DF54359A1D,AU,Y,2021-01-15
005056B864471EE8B8B9854A803E78E3,AU,Y,2021-01-15
005056B8A9EA1ED8A18D2BF5E9FE194B,AU,Y,2021-01-15
B6FD162E60C91EE68E84445255E10276,AU,Y,2021-01-15
B6FD162E60C91EE68DDD2DA2001C6276,AU,N,2021-01-15
005056B829D81EDB80FE7EE305FCCB40,AU,Y,2021-01-15
005056B85CC51EEA96F9398C1F22AC17,AU,N,2021-01-15
005056B85CC51EEA83F5A831F7679AC5,AU,,2021-01-15
005056B864471ED9B4956B955E444A8B,AU,Y,2021-01-15
0017A4770E0A1ED89397E041DC21C0C4,AU,,2021-01-15
B6FD162E60C91EE68CCAAE0A89846276,AU,,2021-01-15
005056B85CC51EE9B7DA005D559A3642,AU,,2021-01-15
B6FD162E60C91EE68CEB19FD605FC276,AU,,2021-01-15
0017A47705E41ED7AC9E7246009BA0C1,AU,Y,2021-01-15
0017A47705E81ED7BA9D7DBD171E00C3,AU,Y,2021-01-15
0017A47705E81ED893CCA8264B7080C3,AU,Y,2021-01-15
B6FD162E60C91EE68CA41CF821D0A276,AU,Y,2021-01-15
B6FD162E60C91EE697D5597F2294A276,AU,,2021-01-15
0017A47705F21EE695C1A69ADE70FF31,AU,Y,2021-01-15
B6FD162E60C91EE68CC988A616396276,AU,,2021-01-15
005056B829D81EDB90C0934543511339,AU,N,2021-01-15
B6FD162E60C91EE6A2B8A7B1C2E44276,AU,N,2021-01-15
B6FD162E60C91EE68CC9420386F3A276,AU,,2021-01-15
0017A47705F21EE68DF47E8FE31E3F31,AU,N,2021-01-15
B6FD162E60C91EE68DE1932FA04DC276,AU,Y,2021-01-15
B6FD162E60C91EE68CCD4AF095C66276,AU,Y,2021-01-15
B6FD162E60C91EE68DDA151CFBF2E276,AU,Y,2021-01-15
B6FD162E60C91EE6A2B91B0D86AF8276,AU,N,2021-01-15
005056B85CC51ED8A6E2DC4F777E7FAB,AU,Y,2021-01-15
0017A47705F21EE68DF70C1AA6159F31,AU,N,2021-01-15
B6FD162E60C91EE68BDD06ADD346C276,AU,Y,2021-01-15
005056B829D81EEA9AD7D7C2060FDA2C,AU,Y,2021-01-15
005056B8A9EA1ED89EAA6C3457D8EF3F,AU,N,2021-01-15
005056B864471EE9BFAF4A43DB8E7DCA,AU,Y,2021-01-15
B6FD162E60C91EE68CC5ACB853B26276,AU,Y,2021-01-15
0017A47705F21EE68DF56E9CF5B0FF31,AU,Y,2021-01-15
005056B85CC51EEA988FC65438E3AE44,AU,N,2021-01-15
0017A47705F21EE69BA33AB59CDA7F31,AU,Y,2021-01-15
B6FD162E60C91EE68E84B72D2D4A6276,AU,N,2021-01-15
005056B85CC51ED8B590ECA61A61A550,AU,Y,2021-01-15
005056B864471EDA929A62206820A503,AU,Y,2021-01-15
B6FD162E60C91EE68CC876974CA1A276,AU,Y,2021-01-15
B6FD162E60C91EE68CF02AEB7442C276,AU,N,2021-01-15
005056B829D81EEAA2AC4F95F3CB673E,AU,Y,2021-01-15
0017A47705F21EE68DEC0D236F9F5F31,AU,,2021-01-15
0017A4770E0A1ED7BDCAC7FFDC5DE0C3,AU,Y,2021-01-15
B6FD162E60C91EE6A2B90D3140EB4276,AU,Y,2021-01-15
0017A47705F21EE68DF1A193A2B3DF31,AU,N,2021-01-15
D1C28602FDCA1ED6B58B934A05853611,AU,N,2021-01-15
005056B864471EEA83F5BED9DEF3B694,AU,,2021-01-15
B6FD162E60C91EE68CA41D2E38D6E276,AU,Y,2021-01-15
B6FD162E60C91EE68CD01CDAC857E276,AU,Y,2021-01-15
0017A4770E0A1ED7BD9129C77E23E0C3,AU,Y,2021-01-15
B6FD162E60C91EE68CEEDE5BC23AA276,AU,N,2021-01-15
005056B864471EEA83F571EA68A99579,AU,,2021-01-15
B6FD162E60C91EE6A2BEE49CB75F0276,AU,N,2021-01-15
B6FD162E60C91EE68CEE21D8FF1BA276,AU,Y,2021-01-15
0017A4770E0A1ED7B78B92EAD446E0C3,AU,Y,2021-01-15
005056B85CC51EE898D0338029F48295,AU,N,2021-01-15
005056B829D81ED99CFE5C2D71C11AE7,AU,,2021-01-15
005056B8A9EA1ED98F9E417517193692,AU,,2021-01-15
B6FD162E60C91EE68E8C05CB8344A276,AU,N,2021-01-15
0017A47705F21EE68DFAA49C96615F31,AU,N,2021-01-15
0017A47705E81ED6BFF5BF894D6FE0BF,AU,N,2021-01-15
B6FD162E60C91EE68E86D19582E4E276,AU,Y,2021-01-15
0017A47705F21EE68DFAC6BFCA5F7F31,AU,Y,2021-01-15
005056B829D81EDA9BD3C30F37FE67CD,AU,,2021-01-15
0017A47705F21EE68CBA76B3A36F5F31,AU,,2021-01-15
B6FD162E60C91EE68DDE33176044E276,AU,Y,2021-01-15
B6FD162E60C91EE68CDF40894A092276,AU,Y,2021-01-15
005056B8A9EA1EE9BDCC79C6ECB4F75B,AU,Y,2021-01-15
005056B85CC51EEA83F594513BEF1A61,AU,,2021-01-15
005056B829D81EDABE9E4522F331DF2A,AU,Y,2021-01-15
005056B8A9EA1EE89FE338FB47CCD4AE,AU,,2021-01-15
0017A4770E0A1ED895923D8E9FA280C4,AU,,2021-01-15
B6FD162E60C91EE68CE24EE7111BC276,AU,,2021-01-15
0017A47705F21EE68CD3568B3B09BF31,AU,Y,2021-01-15
B6FD162E60C91EE68E8DB21DB20C4276,AU,Y,2021-01-15
B6FD162E60C91EE68CC8DE395E5B8276,AU,,2021-01-15
B6FD162E60C91EE68CCFF9DBEC420276,AU,N,2021-01-15
B6FD162E60C91EE68DDB6494FB992276,AU,N,2021-01-15
B6FD162E60C91EE68CDEF10870948276,AU,,2021-01-15
0017A47705F21EE68BD3F3FC22749F31,AU,Y,2021-01-15
005056B864471EE983BA06721A9D2223,AU,Y,2021-01-15
B6FD162E60C91EE68E8D3EEB0D80C276,AU,N,2021-01-15
0017A4770E0A1ED7B3C706197849E0C3,AU,Y,2021-01-15
0017A47705F21EE68DEC0D23709EFF31,AU,N,2021-01-15
B6FD162E60C91EE68CF4437269ADA276,AU,Y,2021-01-15
005056B829D81ED989DE2A6F79E7A4C5,AU,,2021-01-15
0017A47705F21EE68DF54E70B8503F31,AU,,2021-01-15
005056B829D81EDAB9F528617B1CE1B0,AU,Y,2021-01-15
B6FD162E60C91EE68CEB4792E6D0A276,AU,Y,2021-01-15
005056B829D81EDB88B9AF9DF9D78236,AU,Y,2021-01-15
B6FD162E60C91EE68CC1BC9511B1E276,AU,,2021-01-15
0017A47705F21EE6A2A7FC614ADA3F31,AU,N,2021-01-15
B6FD162E60C91EE68E8E28116B6AE276,AU,,2021-01-15
0017A47705F21EE697BC2B38E7F4FF31,AU,Y,2021-01-15
B6FD162E60C91EE68E8F260EC87B2276,AU,Y,2021-01-15
B6FD162E60C91EE68BDB8963AF462276,AU,N,2021-01-15
005056B829D81EDA96DFAC4BC2606890,AU,Y,2021-01-15
B6FD162E60C91EE6A2BE5C07D9900276,AU,,2021-01-15
B6FD162E60C91EE68DD5E3D57B53E276,AU,Y,2021-01-15
005056B85CC51EEAB39E33858A72BE16,AU,N,2021-01-15
0017A47705E41ED7ABEE2FE2986C20C1,AU,Y,2021-01-15
B6FD162E60C91EE68CCEF6725AE4A276,AU,N,2021-01-15
005056B8A9EA1EE8B1B04391A432B10C,AU,N,2021-01-15
005056B85CC51EE8BA9C63CEEC38FE03,AU,Y,2021-01-15
005056B8A9EA1ED989AC65CC33379A85,AU,,2021-01-15
005056B864471EEA8CF6165DC13AB27F,AU,Y,2021-01-15
0017A47705F21EE68DF156BF763EBF31,AU,N,2021-01-15
B6FD162E60C91EE68E8E27A4BC33A276,AU,N,2021-01-15
005056B864471EEA83F591087DCAF5D6,AU,,2021-01-15
005056B8A9EA1ED8A4B45FFB86B7B629,AU,N,2021-01-15
0017A47705F21EE693DAE6EF1BE9DF31,AU,Y,2021-01-15
D1C28602FDCA1ED6BCA632533E8BD611,AU,N,2021-01-15
0017A4770E041ED7A6FD043B2EAA80C1,AU,Y,2021-01-15
005056B85CC51EE9BAD3CE0ABE30A1A9,AU,Y,2021-01-15
B6FD162E60C91EE68E846C4C7512E276,AU,N,2021-01-15
B6FD162E60C91EE698AB8182DE2D0276,AU,Y,2021-01-15
B6FD162E60C91EE68CD03E0E4EA68276,AU,N,2021-01-15
0017A47705F21EE68DF4E67D4ADBBF31,AU,Y,2021-01-15
B6FD162E60C91EE6A2B84FC9BF364276,AU,N,2021-01-15
005056B8A9EA1EE89DC8B5116E2EB1E7,AU,N,2021-01-15
0017A47705E81ED88FEC2072477060C3,AU,N,2021-01-15
0017A47705F21EE68DEDFD892EEF3F31,AU,,2021-01-15
005056B85CC51ED8BEDE6B2DFF919F22,AU,N,2021-01-15
0017A4770E0A1ED885B30EBA1E1EA0C3,AU,,2021-01-15
005056B85CC51EDA89E3C4A8589DF418,AU,Y,2021-01-15
B6FD162E60C91EE68DDB6469D7E0A276,AU,N,2021-01-15
005056B829D81EDA9D84EF884AD1971F,AU,Y,2021-01-15
005056B829D81EDAADC59B03E4CA508E,AU,,2021-01-15
B6FD162E60C91EE68DDC7D6C35062276,AU,N,2021-01-15
005056B864471ED899B8166AF6F7215E,AU,Y,2021-01-15
B6FD162E60C91EE68DDC7DB74746E276,AU,N,2021-01-15
0017A47705F21EE68BDD452DD30CBF31,AU,N,2021-01-15
B6FD162E60C91EE68CD1022803078276,AU,N,2021-01-15
005056B8A9EA1EEA8AC87681C7451EB4,AU,Y,2021-01-15
B6FD162E60C91EE6A2BF976BBB6BA276,AU,N,2021-01-15
0017A47705F21EE68DF8138DAC3D7F31,AU,N,2021-01-15
005056B864471ED9BCCEC4EFFD146482,AU,,2021-01-15
B6FD162E60C91EE68CC81904B9BB2276,AU,N,2021-01-15
0017A47705F21ED6AEFA504A630C894F,AU,N,2021-01-15
0017A47705E81ED885CB5418B9C2C0C3,AU,,2021-01-15
B6FD162E60C91EE6A2BF27CDF4BD8276,AU,Y,2021-01-15
005056B829D81EEAB08B453751D6CA5D,AU,,2021-01-15
005056B829D81EDA8DA8168B9133B28E,AU,,2021-01-15
0017A47705F21EE68FCA434D8D0E5F31,AU,,2021-01-15
B6FD162E60C91EE68E99D5ACA707A276,AU,,2021-01-15
0017A4770E001ED78AC0DF47170EA0BD,AU,Y,2021-01-15
B6FD162E60C91EE68CCF663223B10276,AU,,2021-01-15
005056B85CC51EDB82ADB49152A39AFD,AU,,2021-01-15
B6FD162E60C91EE68CEDF9B17C6CE276,AU,Y,2021-01-15
0017A47705F21EE68DF3D1B3C6F79F31,AU,N,2021-01-15
B6FD162E60C91EE6A2BF0CDE0D008276,AU,N,2021-01-15
0017A4770E041ED79FDA6F662884E0C1,AU,,2021-01-15
0017A4770E0A1ED7AFFE849F818CC0C3,AU,N,2021-01-15
B6FD162E60C91EE68CD15426B91B8276,AU,N,2021-01-15
005056B85CC51EEAA9828D932F85A922,AU,Y,2021-01-15
B6FD162E60C91EE68CDF692439C0E276,AU,N,2021-01-15
B6FD162E60C91EE68E8A79E935796276,AU,N,2021-01-15
005056B8A9EA1EE99DFFF08921FAAFA1,AU,Y,2021-01-15
0017A47705F21EE68BD4FDDA247C7F31,AU,Y,2021-01-15
0017A4770E0A1ED7B5BBC3A22C8460C3,AU,,2021-01-15
0017A47705F21EE68DED28492723BF31,AU,N,2021-01-15
005056B85CC51EEABABFD117AB6C6BBB,AU,,2021-01-15
B6FD162E60C91EE68CD4D426AD7F4276,AU,N,2021-01-15
B6FD162E60C91EE68CD1022800EF4276,AU,,2021-01-15
B6FD162E60C91EE68CC3527C49D4E276,AU,,2021-01-15
D1C28602FDCA1ED6BA93099FF5651611,AU,Y,2021-01-15
B6FD162E60C91EE697D3F6FC1868E276,AU,N,2021-01-15
B6FD162E60C91EE68DE2BB836D788276,AU,,2021-01-15
B6FD162E60C91EE68CF10F2EA0EDC276,AU,N,2021-01-15
B6FD162E60C91EE68DE01A4A99BDA276,AU,Y,2021-01-15
B6FD162E60C91EE697D612B5ADAA2276,AU,,2021-01-15
B6FD162E60C91EE68CEE49B23C0C0276,AU,,2021-01-15
005056B8A9EA1ED8ACEE08F601C8FEF6,AU,Y,2021-01-15
B6FD162E60C91EE68CDFB3EAA92C6276,AU,,2021-01-15
B6FD162E60C91EE68CCF8EB89AA0E276,AU,,2021-01-15
B6FD162E60C91EE68E8AF7A8B4A60276,AU,N,2021-01-15
005056B8A9EA1EEAA1C77B76C87465C6,AU,N,2021-01-15
B6FD162E60C91EE68DE38269B4550276,AU,N,2021-01-15
005056B864471EEA83F5465BE2C114C4,AU,,2021-01-15
005056B829D81EDAADC581FC0D6D5035,AU,,2021-01-15
B6FD162E60C91EE68CCA75A93A93C276,AU,N,2021-01-15
005056B864471EEAACAFBB44959BC5EE,AU,Y,2021-01-15
B6FD162E60C91EE692880B9A39DEE276,AU,,2021-01-15
B6FD162E60C91EE68CD03DE48A86A276,AU,N,2021-01-15
B6FD162E60C91EE68DDB894A4E3CC276,AU,N,2021-01-15
B6FD162E60C91EE68CF207F18784A276,AU,N,2021-01-15
B6FD162E60C91EE6A2B8FF25C697E276,AU,Y,2021-01-15
0017A47705EE1ED796BC07C34B1780C0,AU,Y,2021-01-15
B6FD162E60C91EE68DE193630E1AC276,AU,N,2021-01-15
0017A47705E41ED7ADCDFDC94DF620C1,AU,Y,2021-01-15
0017A47705E41ED7AAEE8AB1C02280C1,AU,Y,2021-01-15
005056B829D81EDABFE7595E374BCCD6,AU,,2021-01-15
0017A4770E0A1ED891BC51DDDF5900C4,AU,Y,2021-01-15
005056B85CC51EDB8EAE96CF1CE021D1,AU,,2021-01-15
005056B8A9EA1EEB90F2B45AA78BC0A5,AU,Y,2021-01-15
B6FD162E60C91EE68E98CE78E3922276,AU,N,2021-01-15
005056B8A9EA1EDA84A64FD6D3098115,AU,,2021-01-15
005056B8A9EA1EEA82DA7FFB367F1988,AU,N,2021-01-15
0017A47705F21EE68BD7303FF6EE9F31,AU,Y,2021-01-15
0017A47705F21EE68DF9412D2A923F31,AU,Y,2021-01-15
0017A47705F21EE68DF43885E1D19F31,AU,N,2021-01-15
005056B829D81EDABECFBE00CBFF30E9,AU,,2021-01-15
005056B829D81ED8A5E5174F181170D1,AU,Y,2021-01-15
B6FD162E60C91EE68E9ABA221D388276,AU,Y,2021-01-15
005056B85CC51EE897F4B1CE1E5AC7EA,AU,Y,2021-01-15
B6FD162E60C91EE68CDF40ADD789A276,AU,,2021-01-15
005056B864471EEB8CB0ACE07520515C,AU,Y,2021-01-15
B6FD162E60C91EE68CD3B212DA5E8276,AU,N,2021-01-15
B6FD162E60C91EE68CD1DEB9277C6276,AU,N,2021-01-15
B6FD162E60C91EE68DE17008CE1C6276,AU,Y,2021-01-15
B6FD162E60C91EE6A2BDEAC3A5FB0276,AU,,2021-01-15
B6FD162E60C91EE68CCD66D8A8278276,AU,Y,2021-01-15
0017A47705F21ED6AD995374B9D8494F,AU,Y,2021-01-15
005056B85CC51EEB81C9AA329358A1C2,AU,Y,2021-01-15
0017A47705F21EE68DF83600496F7F31,AU,N,2021-01-15
005056B8A9EA1EDB82C7268204E5E6D8,AU,Y,2021-01-15
B6FD162E60C91EE68DD6A290EFA4A276,AU,Y,2021-01-15
0017A47705F21EE68DF4E67D4A843F31,AU,Y,2021-01-15
B6FD162E60C91EE6A3AC088101272276,AU,Y,2021-01-15
B6FD162E60C91EE68CA380275E074276,AU,N,2021-01-15
005056B85CC51EEA838CCB3FAA4D3113,AU,Y,2021-01-15
B6FD162E60C91EE6A2BAD65AE1ADA276,AU,N,2021-01-15
B6FD162E60C91EE68CF5AC16DB792276,AU,N,2021-01-15
005056B829D81EDA86EAD7BDFFC4CA6F,AU,N,2021-01-15
0017A47705F21EE68DEED034C43ADF31,AU,Y,2021-01-15
B6FD162E60C91EE695EDD0A8F57E2276,AU,Y,2021-01-15
0017A47705F21EE68DEDB812E288BF31,AU,Y,2021-01-15
B6FD162E60C91EE68CD205D5298AC276,AU,N,2021-01-15
B6FD162E60C91EE6A2BBB0DA2A0C0276,AU,N,2021-01-15
B6FD162E60C91EE68DD6EA7FBB098276,AU,N,2021-01-15
005056B8A9EA1EDA8CC4061E18F3CBC6,AU,Y,2021-01-15
B6FD162E60C91EE68E8E7D8948CC8276,AU,,2021-01-15
B6FD162E60C91EE68DE0EA84D04FC276,AU,Y,2021-01-15
005056B864471EDA94CD5EB84CE3D8E8,AU,N,2021-01-15
0017A47705F21EE68DFB2F45E45E9F31,AU,N,2021-01-15
B6FD162E60C91EE68CEC7AABA5042276,AU,N,2021-01-15
0017A47705E81ED894A9D30E9DAD60C3,AU,Y,2021-01-15
B6FD162E60C91EE68DE10CE2BC21E276,AU,,2021-01-15
B6FD162E60C91EE68CCC066ECFC58276,AU,,2021-01-15
B6FD162E60C91EE68CC625D060A04276,AU,N,2021-01-15
B6FD162E60C91EE68DE32A95EB698276,AU,N,2021-01-15
B6FD162E60C91EE68E98A77E5CF9C276,AU,N,2021-01-15
005056B8A9EA1EDAA0FB90D2783ACE50,AU,N,2021-01-15
B6FD162E60C91EE68CBB86AE6E6E6276,AU,,2021-01-15
0017A47705F21EE68BD4E4C28A303F31,AU,Y,2021-01-15
B6FD162E60C91EE68CC6EE85D9FD0276,AU,,2021-01-15
0017A47705F21EE68BD56CAF38673F31,AU,Y,2021-01-15
B6FD162E60C91EE68DD68316EA64C276,AU,,2021-01-15
005056B864471ED98EBB3D908F85778D,AU,Y,2021-01-15
005056B829D81ED8B4DFE4E9A9CF6CFD,AU,,2021-01-15
B6FD162E60C91EE68CF46936F78D2276,AU,,2021-01-15
0017A47705F21EE68DEB3968D84E5F31,AU,Y,2021-01-15
005056B864471ED8B986E14773AD11E7,AU,,2021-01-15
B6FD162E60C91EE68E9CE69CE3140276,AU,Y,2021-01-15
0017A47705F21ED6ACCE38FB470A094F,AU,,2021-01-15
0017A47705F21EE69F84972086A27F31,AU,N,2021-01-15
B6FD162E60C91EE68CC5829BF32D0276,AU,,2021-01-15
B6FD162E60C91EE6A2B9DBE1D0766276,AU,Y,2021-01-15
0017A47705E81ED78FA91ADEB32920BF,AU,Y,2021-01-15
0017A47705F21EE68DECDD9931677F31,AU,Y,2021-01-15
005056B8A9EA1EE89F9169A69D95089E,AU,Y,2021-01-15
D1C28602FDCA1ED6A4F5DB31DC951611,AU,N,2021-01-15
005056B85CC51ED9B1B628A2DEA5DE4F,AU,Y,2021-01-15
005056B864471EE9B9D576C93234D2B1,AU,Y,2021-01-15
B6FD162E60C91EE6A2BD362710ABE276,AU,,2021-01-15
B6FD162E60C91EE68CC53891FB22A276,AU,,2021-01-15
B6FD162E60C91EE68CBB67D183768276,AU,,2021-01-15
0017A47705E81ED7BAE9E024269CC0C3,AU,N,2021-01-15
B6FD162E60C91EE6A2B8E3FDD27AA276,AU,N,2021-01-15
0017A47705E81ED891D4E728ECB0E0C3,AU,Y,2021-01-15
005056B864471EEA92944DEC1A6513F3,AU,Y,2021-01-15
0017A47705F21EE68DF91EBFCC96DF31,AU,N,2021-01-15
B6FD162E60C91EE6A2BF8A1B9AA72276,AU,N,2021-01-15
005056B8A9EA1EEAAA807519F792F2D2,AU,Y,2021-01-15
B6FD162E60C91EE68CC0C01B323D8276,AU,,2021-01-15
005056B85CC51EE992E2DBF2F64ACAE2,AU,,2021-01-15
0017A4770E0A1ED888C5A1A3442700C3,AU,N,2021-01-15
0017A47705E81ED7B8B45720265A20C3,AU,Y,2021-01-15
B6FD162E60C91EE68CCB5B6EB50FA276,AU,N,2021-01-15
0017A47705F21EE68DF9F4CDF8953F31,AU,Y,2021-01-15
0017A47705F21EE68CE943852F3A3F31,AU,Y,2021-01-15
B6FD162E60C91EE68CDECD852C2F0276,AU,N,2021-01-15
B6FD162E60C91EE697D5B4AEE0F4C276,AU,,2021-01-15
005056B829D81ED99D97BAAFB256294D,AU,N,2021-01-15
005056B864471EEA929441A28C39B3AE,AU,N,2021-01-15
B6FD162E60C91EE696A2119A23C08276,AU,N,2021-01-15
005056B85CC51EEABE8781913A99D366,AU,Y,2021-01-15
B6FD162E60C91EE68CC33162E3FA4276,AU,,2021-01-15
0017A47705E41ED7A5FAA0222EA5C0C1,AU,Y,2021-01-15
B6FD162E60C91EE68E8904BC07A0A276,AU,N,2021-01-15
B6FD162E60C91EE68E8EA753D166C276,AU,,2021-01-15
005056B85CC51ED9B19CF55B1FD24894,AU,Y,2021-01-15
0017A47705F21EE68DF61C43E66B7F31,AU,Y,2021-01-15
D1C28602FDCA1ED6B58C36039DDEF611,AU,N,2021-01-15
005056B8A9EA1EEA83F585686372921D,AU,,2021-01-15
005056B864471ED9BEB15186A0F8C9B0,AU,Y,2021-01-15
0017A47705F21EE68BC54AFD15855F31,AU,Y,2021-01-15
005056B85CC51EDB82F9A77A62E2956A,AU,Y,2021-01-15
B6FD162E60C91EE68CC94203862EA276,AU,Y,2021-01-15
005056B85CC51EEA83F551FBF8B7392A,AU,,2021-01-15
005056B864471EEAACAF43EA23CA44E0,AU,Y,2021-01-15
B6FD162E60C91EE68CC96590D9582276,AU,,2021-01-15
B6FD162E60C91EE68E892ED63AAFE276,AU,N,2021-01-15
B6FD162E60C91EE68DDBF0E1F0EC0276,AU,N,2021-01-15
B6FD162E60C91EE6A2C01BB2757DA276,AU,Y,2021-01-15
005056B8A9EA1EE98EBC3DA436BED9FA,AU,Y,2021-01-15
005056B864471EE9A8FFDB756E00E908,AU,N,2021-01-15
0017A4770E041ED7A0B944FEDDDAC0C1,AU,N,2021-01-15
B6FD162E60C91EE68CD327296CD08276,AU,N,2021-01-15
B6FD162E60C91EE68E8C063445662276,AU,N,2021-01-15
0017A47705F21EE69D927400F3A53F31,AU,N,2021-01-15
B6FD162E60C91EE68E8904BC06358276,AU,N,2021-01-15
0017A47705F21EE68DF9881820141F31,AU,Y,2021-01-15
0017A47705F21EE68DFB73C7CFDB3F31,AU,Y,2021-01-15
B6FD162E60C91EE68CEF4C2684D50276,AU,N,2021-01-15
0017A47705F21EE68DF1A193A2EFDF31,AU,N,2021-01-15
B6FD162E60C91EE68CCB7E2AE4CFE276,AU,,2021-01-15
B6FD162E60C91EE6A2BAF5FFCD448276,AU,N,2021-01-15
0017A47705E81ED7AF813F65831D80C3,AU,Y,2021-01-15
005056B864471EDA929B4EDD97F2286D,AU,N,2021-01-15
005056B85CC51EDA89E3CA3065A25419,AU,N,2021-01-15
B6FD162E60C91EE68CF050DF8A6BC276,AU,N,2021-01-15
B6FD162E60C91EE68CD3DC3FF8A68276,AU,Y,2021-01-15
B6FD162E60C91EE68CED21C860524276,AU,,2021-01-15
005056B864471EDA929D94F636EA91E7,AU,Y,2021-01-15
0017A47705E81ED894C1DF04CAB420C3,AU,N,2021-01-15
005056B864471EEA90889163F7DA1F4F,AU,N,2021-01-15
B6FD162E60C91EE68DDD0BB61B79C276,AU,N,2021-01-15
005056B85CC51EDAA5BE75B6750A8518,AU,N,2021-01-15
B6FD162E60C91EE6A2BB46144A4A6276,AU,N,2021-01-15
B6FD162E60C91EE68CC3B3D233CB4276,AU,N,2021-01-15
005056B829D81EDB898B3F0E59C7AEEB,AU,Y,2021-01-15
0017A47705E81ED89298EF0D2085A0C3,AU,Y,2021-01-15
0017A47705F21EE68DF5D7087AE53F31,AU,,2021-01-15
005056B864471EEAA9E746574DA07B39,AU,Y,2021-01-15
B6FD162E60C91EE68E8D16DD73A40276,AU,Y,2021-01-15
B6FD162E60C91EE68CDF4062FE30A276,AU,N,2021-01-15
B6FD162E60C91EE68CF61D1C6C8EA276,AU,,2021-01-15
B6FD162E60C91EE69EB820BAA0A78276,AU,Y,2021-01-15
0017A4770E0A1ED7B4C428554CA340C3,AU,N,2021-01-15
B6FD162E60C91EE68CCF1861D722C276,AU,Y,2021-01-15
0017A47705F21EE68DF6A40154ED9F31,AU,N,2021-01-15
B6FD162E60C91EE68CA2417CEA29C276,AU,Y,2021-01-15
0017A47705F21EE68DEBE99F03DC1F31,AU,,2021-01-15
0017A47705E81ED8909E97BB910080C3,AU,Y,2021-01-15
0017A47705F21EE68DF7F1D9AE2BFF31,AU,N,2021-01-15
005056B8A9EA1EDAA7A0FBB65D42930F,AU,Y,2021-01-15
005056B8A9EA1EDB89E96217DE4E214E,AU,Y,2021-01-15
005056B864471EDAA5A54A236DCCF8F3,AU,N,2021-01-15
B6FD162E60C91EE68CC3D78A1B3F8276,AU,,2021-01-15
005056B8A9EA1EEA81F5A26CF6421564,AU,,2021-01-15
0017A47705EE1ED799A6E0FE4BDAE0C0,AU,N,2021-01-15
B6FD162E60C91EE68E9D140BDCD5E276,AU,Y,2021-01-15
B6FD162E60C91EE68E8C78796C3B2276,AU,N,2021-01-15
005056B864471ED9A4881C115F5952F4,AU,,2021-01-15
005056B8A9EA1EEA8BC64BBB02DDFA52,AU,Y,2021-01-15
B6FD162E60C91EE68DDDA34525392276,AU,N,2021-01-15
B6FD162E60C91EE68CDF174118DC6276,AU,Y,2021-01-15
B6FD162E60C91EE68CDEF1086F7CE276,AU,N,2021-01-15
005056B85CC51EEA83F5B7878C6C7B25,AU,,2021-01-15
0017A47705F21EE68DEB3968D737BF31,AU,N,2021-01-15
005056B8A9EA1EE8AC891D35F0B316B9,AU,N,2021-01-15
0017A47705E81ED7BB952EA0EE76E0C3,AU,Y,2021-01-15
0017A47705F21ED6ADFB2DC89751694F,AU,,2021-01-15
0017A4770E041ED7A39F2BDFCE3600C1,AU,N,2021-01-15
0017A47705F21EE68DE6BC7484557F31,AU,Y,2021-01-15
B6FD162E60C91EE6A2BF6DE8076E6276,AU,N,2021-01-15
005056B85CC51EE8BACF03A42DEE6D84,AU,N,2021-01-15
0017A4770E061ED799E2D435A62B40BF,AU,Y,2021-01-15
005056B864471ED99FF885BA6138B63E,AU,N,2021-01-15
B6FD162E60C91EE68E9B14B70E78C276,AU,,2021-01-15
005056B864471EEA83F58E8C4B3035D6,AU,,2021-01-15
005056B864471EEA83F57F5A58A1557D,AU,,2021-01-15
B6FD162E60C91EE68DDC5A666F840276,AU,N,2021-01-15
005056B8A9EA1EEA83F5B110A65732E3,AU,,2021-01-15
0017A4770E061ED799B03658C21AE0BF,AU,Y,2021-01-15
B6FD162E60C91EE68CC7183B4C3A2276,AU,,2021-01-15
0017A47705F21EE68DFB73F1A394FF31,AU,N,2021-01-15
005056B85CC51EEAB0BDC5315E931E40,AU,,2021-01-15
B6FD162E60C91EE68E8837E201A50276,AU,N,2021-01-15
B6FD162E60C91EE68E8444525309E276,AU,N,2021-01-15
005056B864471EDA92A0376909217BC4,AU,Y,2021-01-15
B6FD162E60C91EE6A2BC0CB67DED4276,AU,N,2021-01-15
0017A4770E041ED7A3FD5E17149740C1,AU,Y,2021-01-15
B6FD162E60C91EE68CD40A39B7416276,AU,N,2021-01-15
005056B829D81EDABE8565183D1410E3,AU,Y,2021-01-15
B6FD162E60C91EE68CCCF8108097E276,AU,,2021-01-15
0017A47705E81ED7B8E998B2FEE6E0C3,AU,Y,2021-01-15
B6FD162E60C91EE68CDFB3EAA9B64276,AU,N,2021-01-15
B6FD162E60C91EE68CEDF96459836276,AU,Y,2021-01-15
005056B864471EDA929DA35C9A6DD23E,AU,Y,2021-01-15
B6FD162E60C91EE68CF48F349C170276,AU,N,2021-01-15
005056B85CC51ED989937DDB4E1C441D,AU,N,2021-01-15
005056B8A9EA1EEAA6DC6EBB14E124E5,AU,,2021-01-15
0017A47705F21EE68DF0C7CFA0C69F31,AU,Y,2021-01-15
0017A47705F21EE68BD3A2749BD07F31,AU,N,2021-01-15
0017A47705F21EE68BD4481840323F31,AU,N,2021-01-15
0017A47705F21EE69AB2ACF6FE06FF31,AU,,2021-01-15
005056B864471EDAAC9560476ABFA8E6,AU,Y,2021-01-15
005056B85CC51ED9889618B1FDDB2BA2,AU,Y,2021-01-15
0017A47705F21EE693B2061848F3DF31,AU,N,2021-01-15
B6FD162E60C91EE68E88DDEAECB00276,AU,N,2021-01-15
005056B8A9EA1ED9AFF25AEC0C03562C,AU,Y,2021-01-15
005056B829D81EE8BCE4ABB12A53BC4A,AU,,2021-01-15
005056B864471EDB84DB8D26AA133D9F,AU,,2021-01-15
0017A47705E81ED78DCA4A8426C160BF,AU,N,2021-01-15
B6FD162E60C91EE68E88895F167C4276,AU,N,2021-01-15
005056B864471EDA9298E3D8D1EBE06D,AU,Y,2021-01-15
0017A47705F21EE68DF9AB278463BF31,AU,N,2021-01-15
005056B864471EDB899E3FFE28FF7774,AU,Y,2021-01-15
B6FD162E60C91EE6A2BBB0BA8B7EC276,AU,N,2021-01-15
005056B8A9EA1ED8AEE994CCC55D5549,AU,Y,2021-01-15
D1C28602FDCA1ED6A5807F2CCDA67611,AU,N,2021-01-15
B6FD162E60C91EE6A2C07B8F53262276,AU,Y,2021-01-15
B6FD162E60C91EE68E8722344CECE276,AU,Y,2021-01-15
0017A47705F21EE68DF47E6538533F31,AU,N,2021-01-15
005056B864471EE998EF214074301668,AU,Y,2021-01-15
B6FD162E60C91EE68E9078BBD1C98276,AU,Y,2021-01-15
B6FD162E60C91EE68CEC7AABA5F5A276,AU,Y,2021-01-15
B6FD162E60C91EE68DD636A550F34276,AU,,2021-01-15
005056B8A9EA1ED99298947A50B07F06,AU,Y,2021-01-15
B6FD162E60C91EE697A32EFD40A2E276,AU,N,2021-01-15
0017A47705F21EE68DF9AB2783549F31,AU,N,2021-01-15
005056B8A9EA1EDABEF3546C6EF08DF5,AU,,2021-01-15
0017A4770E0A1ED79192AF7E12E800BE,AU,,2021-01-15
B6FD162E60C91EE6A2BA182F40FA2276,AU,N,2021-01-15
005056B85CC51ED8A3E8E9AC79D43475,AU,N,2021-01-15
B6FD162E60C91EE68CCE1586791FA276,AU,Y,2021-01-15
0017A47705F21EE68DEECFFA3E31DF31,AU,,2021-01-15
005056B8A9EA1EE8B2A75F20D9746285,AU,N,2021-01-15
B6FD162E60C91EE68E88380B010F0276,AU,N,2021-01-15
005056B8A9EA1EEAB49BF4688915A7CE,AU,Y,2021-01-15
005056B864471EDAB1BC2EAB7D7C5878,AU,Y,2021-01-15
005056B864471EE8B392C0F214B47374,AU,N,2021-01-15
B6FD162E60C91EE68CEE49B239BE6276,AU,N,2021-01-15
B6FD162E60C91EE68CCD66AE3A1C4276,AU,N,2021-01-15
B6FD162E60C91EE68DD81953E8998276,AU,,2021-01-15
005056B8A9EA1ED89FEA513FD7191016,AU,,2021-01-15
0017A47705E41ED7A6B11BCB6804E0C1,AU,,2021-01-15
0017A47705F21EE68DEF2403C1819F31,AU,N,2021-01-15
005056B85CC51EDAB9A948AC6F527679,AU,N,2021-01-15
0017A47705F21ED59EED3D9EF5061A63,AU,Y,2021-01-15
B6FD162E60C91EE68CF004B04B062276,AU,N,2021-01-15
D1C28602FDCA1ED6BD8FD463A26F5611,AU,,2021-01-15
005056B85CC51EDABAD958C295B0B772,AU,Y,2021-01-15
B6FD162E60C91EE68CF4B4A2A5492276,AU,,2021-01-15
B6FD162E60C91EE6A2BA091B075AC276,AU,N,2021-01-15
B6FD162E60C91EE68CCFF9B6E4290276,AU,,2021-01-15
005056B829D81EE9B78F12F41CC6F51A,AU,Y,2021-01-15
B6FD162E60C91EE68CF4434B84B90276,AU,N,2021-01-15
005056B829D81EE8BEC5897F26DCE7E3,AU,N,2021-01-15
B6FD162E60C91EE6A2BE34205BF50276,AU,Y,2021-01-15
0017A47705F21EE68DEF4E2295819F31,AU,Y,2021-01-15
B6FD162E60C91EE68CC3313C18C9E276,AU,,2021-01-15
B6FD162E60C91EE68E8D3F59F32CE276,AU,N,2021-01-15
005056B85CC51ED9BAA0F5F225CD3ABD,AU,,2021-01-15
0017A47705E41ED7AA89BC3C334E80C1,AU,N,2021-01-15
B6FD162E60C91EE68CEAF6240E5BC276,AU,N,2021-01-15
005056B864471EDB8BFECB3AA5FCB1CB,AU,Y,2021-01-15
0017A4770E0A1ED7B4F99C45F51340C3,AU,N,2021-01-15
B6FD162E60C91EE68CF4DA2CAD346276,AU,N,2021-01-15
005056B85CC51EEB91D74CEA2FF46463,AU,Y,2021-01-15
0017A4770E041ED7A3FD9FB5EDB180C1,AU,Y,2021-01-15
B6FD162E60C91EE68E9C1CC56D4E0276,AU,N,2021-01-15
005056B85CC51EDB81E28214F98040F8,AU,N,2021-01-15
B6FD162E60C91EE68CC3B3FE7D636276,AU,Y,2021-01-15
B6FD162E60C91EE68CD1C1F8ED0B2276,AU,,2021-01-15
B6FD162E60C91EE68DE2DC6104340276,AU,Y,2021-01-15
0017A47705F21EE68DF681981A2B7F31,AU,Y,2021-01-15
005056B829D81EEB8CCC3DFF67B1F390,AU,,2021-01-15
B6FD162E60C91EE68CD19D398519C276,AU,N,2021-01-15
B6FD162E60C91EE68CCF3BDD448D8276,AU,,2021-01-15
005056B8A9EA1EEA8AFAAF93409CC40B,AU,N,2021-01-15
0017A47705F21EE68DEB5F8A4D379F31,AU,Y,2021-01-15
B6FD162E60C91EE68DDD7D6B1A3AC276,AU,N,2021-01-15
0017A47705F21EE68DF85AC89A171F31,AU,N,2021-01-15
005056B85CC51EE98DEE47EF583BDDEE,AU,,2021-01-15
B6FD162E60C91EE68DE17032F2F7A276,AU,,2021-01-15
005056B85CC51EE8A1EFE55C89DCB46B,AU,N,2021-01-15
B6FD162E60C91EE68E872205E473E276,AU,Y,2021-01-15
B6FD162E60C91EE68E89DAD58B9EE276,AU,N,2021-01-15
0017A4770E0A1ED884FFBBF5106500C3,AU,Y,2021-01-15
005056B85CC51EEB92D536F050A5B1B8,AU,Y,2021-01-15
B6FD162E60C91EE68CE0965AA5F7E276,AU,N,2021-01-15
005056B829D81EE8B490A95F6E360DAC,AU,N,2021-01-15
005056B864471EDA929949887283E1E0,AU,Y,2021-01-15
B6FD162E60C91EE68DD636A553A96276,AU,Y,2021-01-15
B6FD162E60C91EE68CF30051474B4276,AU,Y,2021-01-15
B6FD162E60C91EE68CEB1A20422D2276,AU,Y,2021-01-15
005056B864471EEA91BBEEA321966834,AU,N,2021-01-15
B6FD162E60C91EE68DDB1142336F2276,AU,N,2021-01-15
0017A47705F21EE69E8B879E613B5F31,AU,Y,2021-01-15
B6FD162E60C91EE68CEE6F9AC1A8A276,AU,N,2021-01-15
005056B864471EDAA1E09B02F2C91342,AU,N,2021-01-15
0017A47705E81ED895C067BC98E8E0C3,AU,N,2021-01-15
B6FD162E60C91EE68DD9EE2794A62276,AU,Y,2021-01-15
B6FD162E60C91EE6A2BDEAC3A834A276,AU,,2021-01-15
B6FD162E60C91EE697D65140DE262276,AU,,2021-01-15
B6FD162E60C91EE68CF52C0F46D74276,AU,N,2021-01-15
005056B864471ED99CCF6BE033093A70,AU,,2021-01-15
B6FD162E60C91EE68DD7F361190F2276,AU,Y,2021-01-15
0017A47705F21EE68BC410BB5A5BBF31,AU,N,2021-01-15
0017A47705F21EE68DEA4E85AD38DF31,AU,Y,2021-01-15
B6FD162E60C91EE68CC4FA111671E276,AU,,2021-01-15
B6FD162E60C91EE68DD9785C52102276,AU,N,2021-01-15
005056B8A9EA1EDABCD591F0F6FE56E8,AU,Y,2021-01-15
B6FD162E60C91EE68CF188653F056276,AU,N,2021-01-15
0017A47705E41ED7ACB83FEA4DC180C1,AU,N,2021-01-15
B6FD162E60C91EE68CC0E287C5DEC276,AU,N,2021-01-15
B6FD162E60C91EE68C9FC74C7FB98276,AU,Y,2021-01-15
005056B85CC51EEA83F589BD6C3DDA5C,AU,,2021-01-15
0017A47705E81ED7B0E329F161A380C3,AU,Y,2021-01-15
005056B8A9EA1EEABCEE9ED7FD31D8A4,AU,N,2021-01-15
0017A47705F21EE68DFB51AC9EEFDF31,AU,N,2021-01-15
0017A4770E041ED79EA4B799243740C1,AU,Y,2021-01-15
005056B829D81EDB8FDC2F847C7ED797,AU,Y,2021-01-15
B6FD162E60C91EE68DDBF0B18413E276,AU,Y,2021-01-15
005056B8A9EA1EEA8EAA1208DAB100E3,AU,Y,2021-01-15
005056B8A9EA1ED89FE6EF7E2D3F838E,AU,,2021-01-15
B6FD162E60C91EE68E97FA2A86F44276,AU,,2021-01-15
005056B8A9EA1EE8A482364768FDB4FA,AU,,2021-01-15
005056B85CC51EEA85A438B54A4FCEE8,AU,,2021-01-15
005056B8A9EA1EDAB4CD837B804E94C3,AU,,2021-01-15
B6FD162E60C91EE68CC317ACFBD34276,AU,,2021-01-15
B6FD162E60C91EE68CBB27B0C49C6276,AU,Y,2021-01-15
B6FD162E60C91EE68CF4B4A2A35A6276,AU,N,2021-01-15
B6FD162E60C91EE68CC96590D980C276,AU,,2021-01-15
005056B864471EEA83F53D87CE11B466,AU,,2021-01-15
0017A47705F21EE68BD4E4EE35EA7F31,AU,Y,2021-01-15
005056B864471EDA9298CFC797EE402F,AU,Y,2021-01-15
B6FD162E60C91EE68CBBAEA9C099A276,AU,,2021-01-15
B6FD162E60C91EE6A2B8E3FDD1914276,AU,Y,2021-01-15
B6FD162E60C91EE68CD1DEDDA33FC276,AU,N,2021-01-15
B6FD162E60C91EE68CA41CF823514276,AU,Y,2021-01-15
0017A47705F21ED6ADE25F034FFFC94F,AU,Y,2021-01-15
B6FD162E60C91EE68CCAF0CB98D50276,AU,N,2021-01-15
0017A47705F21EE68CE9093035DD7F31,AU,Y,2021-01-15
B6FD162E60C91EE68CF3F2B2C095E276,AU,N,2021-01-15
0017A4770E0A1ED7B1BB7D9A442320C3,AU,Y,2021-01-15
B6FD162E60C91EE68E9300DD9CD30276,AU,Y,2021-01-15
0017A47705EE1ED796BD97522779E0C0,AU,,2021-01-15
B6FD162E60C91EE68E8D170F06C08276,AU,Y,2021-01-15
B6FD162E60C91EE6A2B8D44A7FE50276,AU,N,2021-01-15
B6FD162E60C91EE68DD9EDCBB6458276,AU,Y,2021-01-15
B6FD162E60C91EE697D3B4C8F3986276,AU,N,2021-01-15
B6FD162E60C91EE68CDF690271B86276,AU,,2021-01-15
005056B85CC51EEA83F5BAAA5AF15B25,AU,,2021-01-15
0017A47705F21EE68DF6C94123425F31,AU,Y,2021-01-15
005056B829D81EDA9BD467F3638FC97D,AU,Y,2021-01-15
B6FD162E60C91EE6A2B96738D74F0276,AU,N,2021-01-15
B6FD162E60C91EE68CF643B6EBA9E276,AU,Y,2021-01-15
0017A4770E0A1ED883A35DDF0C7E80C3,AU,,2021-01-15
0017A4770E0A1ED7B3F8B78282DE20C3,AU,,2021-01-15
005056B85CC51EEA99BFE8151FF086D7,AU,Y,2021-01-15
0017A47705F21EE68DFA168D2F017F31,AU,Y,2021-01-15
005056B85CC51EE983875FD30ECA6B0B,AU,,2021-01-15
0017A47705E81ED78BEBF72E19F840BF,AU,Y,2021-01-15
0017A47705F21EE68DF6C96ACEA73F31,AU,Y,2021-01-15
B6FD162E60C91EE68CF52C380FC42276,AU,,2021-01-15
B6FD162E60C91EE68DE1D664EC526276,AU,N,2021-01-15
005056B85CC51EE9A0B47F3B42785058,AU,,2021-01-15
B6FD162E60C91EE697D2E53FA04DA276,AU,N,2021-01-15
005056B8A9EA1ED8B6BE0FA3E1B3EC75,AU,Y,2021-01-15
B6FD162E60C91EE6A2C049CAB9CE4276,AU,Y,2021-01-15
B6FD162E60C91EE6A2BA443669726276,AU,N,2021-01-15
B6FD162E60C91EE6A2BD5F5F8CAE6276,AU,,2021-01-15
005056B864471EEA83F52CDD18E0F463,AU,,2021-01-15
B6FD162E60C91EE68CC4CF8EC0FD0276,AU,N,2021-01-15
0017A4770E041ED7A8C0471E0E97E0C1,AU,Y,2021-01-15
005056B864471EE9AFEC47E49CD6F8C1,AU,,2021-01-15
B6FD162E60C91EE68CC2785F57C06276,AU,,2021-01-15
B6FD162E60C91EE68CC6EE5612988276,AU,,2021-01-15
0017A47705EE1ED799A6E0FE4B3040C0,AU,Y,2021-01-15
0017A4770E0A1ED7B1FA22044EFA20C3,AU,N,2021-01-15
B6FD162E60C91EE68CDE5BFEA6E10276,AU,Y,2021-01-15
D1C28602FDCA1ED6BBA87A829A31D611,AU,Y,2021-01-15
005056B829D81ED89D8DC45A9EE8BA87,AU,,2021-01-15
005056B864471EEA9294178D131B135E,AU,N,2021-01-15
005056B864471EDAA3F59AE5B8A68D71,AU,Y,2021-01-15
B6FD162E60C91EE695A5D8E11BBCE276,AU,Y,2021-01-15
005056B864471EE9A8FDE9FD6DF7C122,AU,Y,2021-01-15
0017A47705F21EE68BC50F53F57D7F31,AU,N,2021-01-15
B6FD162E60C91EE68E89B0DF5BDA6276,AU,N,2021-01-15
005056B85CC51EDABAF28C7187D7A5D9,AU,Y,2021-01-15
005056B864471ED997DA6429E297CE7C,AU,Y,2021-01-15
B6FD162E60C91EE68CEB19DE8FB5A276,AU,Y,2021-01-15
B6FD162E60C91EE6A2BBFEDC138BC276,AU,N,2021-01-15
005056B8A9EA1EEA8AFA6D682C2E42F9,AU,,2021-01-15
0017A47705F21ED6AEC64C8BA3BEA94F,AU,Y,2021-01-15
0017A47705F21EE697D9707E3819DF31,AU,N,2021-01-15
B6FD162E60C91EE68DDD0B8ADA300276,AU,N,2021-01-15
B6FD162E60C91EE68E99D606C6B04276,AU,N,2021-01-15
005056B864471EDA929D5D70177CF0BB,AU,Y,2021-01-15
B6FD162E60C91EE68CDECDA9ED806276,AU,,2021-01-15
005056B8A9EA1EDABD87EE953E75CE9D,AU,Y,2021-01-15
0017A47705EE1ED799A268365FB220C0,AU,,2021-01-15
B6FD162E60C91EE6A2BFC346FD1B4276,AU,N,2021-01-15
0017A4770E0A1ED895AF80145726E0C4,AU,N,2021-01-15
0017A47705F21EE68DF43864F7C23F31,AU,Y,2021-01-15
005056B829D81EEA99D92B6F7F05775B,AU,Y,2021-01-15
0017A47705F21EE68CBDF955B0EC7F31,AU,,2021-01-15
0017A47705F21EE68BEAF428FB1B9F31,AU,N,2021-01-15
0017A47705E81ED785A1297BF17380BF,AU,N,2021-01-15
0017A47705F21EE68DF7F1B90CC83F31,AU,Y,2021-01-15
005056B85CC51ED98894FACCFE27E6B6,AU,Y,2021-01-15
0017A4770E0A1ED7BFBE15FDAB8700C3,AU,Y,2021-01-15
0017A47705E81ED7BBF9FCA1B40E60C3,AU,Y,2021-01-15
B6FD162E60C91EE68CCD66AE391AC276,AU,,2021-01-15
B6FD162E60C91EE6A2BD02E1C519C276,AU,Y,2021-01-15
B6FD162E60C91EE68E9A327DF377E276,AU,N,2021-01-15
B6FD162E60C91EE68CD205B07E89C276,AU,,2021-01-15
0017A47705E81ED7BA97A0F121F740C3,AU,,2021-01-15
0017A4770E0A1ED7BEF3B9629DC5A0C3,AU,Y,2021-01-15
B6FD162E60C91EE68E8631E9EECF0276,AU,N,2021-01-15
B6FD162E60C91EE68CC7429D7396A276,AU,Y,2021-01-15
005056B85CC51ED9BBF1ACD548611EBE,AU,,2021-01-15
B6FD162E60C91EE6A2BFFFB45F2CC276,AU,Y,2021-01-15
B6FD162E60C91EE6A2BC56F1C8502276,AU,N,2021-01-15
B6FD162E60C91EE68C9FA28D69CBA276,AU,N,2021-01-15
005056B864471EDA929AD76DDFA866D4,AU,Y,2021-01-15
0017A47705F21EE68E81FD8A065D3F31,AU,Y,2021-01-15
005056B864471ED9B2FF45E35135CC19,AU,Y,2021-01-15
B6FD162E60C91EE68E857045F6AF6276,AU,Y,2021-01-15
B6FD162E60C91EE6A2BF7C17DF6F6276,AU,N,2021-01-15
B6FD162E60C91EE68CF050BBD648C276,AU,,2021-01-15
0017A4770E061ED79A9A06B68E40A0BF,AU,,2021-01-15
B6FD162E60C91EE68CECA4B32591C276,AU,,2021-01-15
0017A47705F21EE68DF321BC88601F31,AU,N,2021-01-15
B6FD162E60C91EE68CC9E8837CB08276,AU,,2021-01-15
0017A47705F21EE68D8278DE343C7F31,AU,N,2021-01-15
005056B8A9EA1ED9A9FA72EC3D20D3F7,AU,N,2021-01-15
005056B864471ED997BEEF3F38319144,AU,N,2021-01-15
D1C28602FDCA1ED6A3DF0835AA421611,AU,N,2021-01-15
0017A47705F21ED6AFDDDD0CD4EF694F,AU,Y,2021-01-15
B6FD162E60C91EE6A2C01BB271F92276,AU,N,2021-01-15
B6FD162E60C91EE6A2B9CE1663AE4276,AU,N,2021-01-15
0017A47705E81ED785DB96E4637C20BF,AU,Y,2021-01-15
005056B85CC51EDAB1A1DB17AC3FC301,AU,N,2021-01-15
B6FD162E60C91EE68DDDA39399E56276,AU,N,2021-01-15
005056B864471EDA929A077736B7C3F0,AU,N,2021-01-15
B6FD162E60C91EE68DE1F60D87808276,AU,N,2021-01-15
B6FD162E60C91EE68CC2B468A1ECA276,AU,,2021-01-15
0017A4770E001ED788F42622830320BD,AU,Y,2021-01-15
B6FD162E60C91EE68CC742C373E60276,AU,N,2021-01-15
0017A4770E001ED78EFD083D01C280BD,AU,,2021-01-15
005056B85CC51EE9BFFAAE030EBE9439,AU,N,2021-01-15
005056B829D81EDA83F5AD59C64E6331,AU,,2021-01-15
0017A47705F21EE697BDC661778EFF31,AU,,2021-01-15
B6FD162E60C91EE68CEDF964585FA276,AU,N,2021-01-15
005056B864471EE8B1E29D065F58DCD1,AU,Y,2021-01-15
B6FD162E60C91EE68CCDD27D20A78276,AU,,2021-01-15
B6FD162E60C91EE68CF4DA04FC7C6276,AU,N,2021-01-15
0017A47705F21EE68BC522AEB89D5F31,AU,N,2021-01-15
005056B85CC51EEAAAB3045536FF9D9F,AU,Y,2021-01-15
B6FD162E60C91EE68CF2D90E7B6C2276,AU,N,2021-01-15
0017A47705F21EE68DED287CAC331F31,AU,,2021-01-15
0017A47705F21EE68DF89C9CCB4A3F31,AU,N,2021-01-15
0017A47705F21EE68DF77CD6BC3A5F31,AU,Y,2021-01-15
0017A47705F21EE68DF4E656DEDB7F31,AU,Y,2021-01-15
005056B85CC51EEAA3DC1C8E46393662,AU,,2021-01-15
0017A47705E81ED7878DAC942E2DC0BF,AU,N,2021-01-15
B6FD162E60C91EE68CD03E0E4EAF0276,AU,N,2021-01-15
B6FD162E60C91EE68E85020F64ECA276,AU,N,2021-01-15
005056B864471EE9A9806B3E31268B46,AU,N,2021-01-15
005056B864471ED8A6AFB938B3EAA6D2,AU,,2021-01-15
B6FD162E60C91EE68CDFB39F943B6276,AU,Y,2021-01-15
005056B85CC51EE8ACD485F27A9552A1,AU,N,2021-01-15
B6FD162E60C91EE6A2BBE507FB6F4276,AU,N,2021-01-15
005056B8A9EA1ED9B39825D2DB374E2E,AU,N,2021-01-15
005056B8A9EA1ED8B2C727075582032E,AU,N,2021-01-15
B6FD162E60C91EE68CF207F186700276,AU,N,2021-01-15
0017A47705E41ED7A8F279C6E37C80C1,AU,N,2021-01-15
B6FD162E60C91EE68DDBF0E1F2356276,AU,N,2021-01-15
B6FD162E60C91EE6A2BBFEDC18126276,AU,N,2021-01-15
B6FD162E60C91EE68CF4B47D235E2276,AU,N,2021-01-15
B6FD162E60C91EE68CDFB3C65B592276,AU,Y,2021-01-15
B6FD162E60C91EE68E8EFC35A803E276,AU,,2021-01-15
B6FD162E60C91EE68CE0F0DAFD5B8276,AU,Y,2021-01-15
B6FD162E60C91EE6A2B834873DE36276,AU,N,2021-01-15
005056B85CC51EEB8392BDA429A1D9DE,AU,N,2021-01-15
B6FD162E60C91EE68DDE32C7D0520276,AU,,2021-01-15
B6FD162E60C91EE68CC4CF8EC05AC276,AU,N,2021-01-15
0017A47705F21EE68DF8DD65115C7F31,AU,Y,2021-01-15
B6FD162E60C91EE6A2BC0C94BD0AA276,AU,N,2021-01-15
B6FD162E60C91EE6A2BC4D3E54EC2276,AU,N,2021-01-15
0017A47705F21EE68DE9B40A18A4BF31,AU,N,2021-01-15
B6FD162E60C91EE68CCE5F1E51520276,AU,,2021-01-15
005056B8A9EA1EEA8EBF8F8CC1441C53,AU,Y,2021-01-15
005056B829D81EE9A4EDEA0B9CF1D399,AU,Y,2021-01-15
B6FD162E60C91EE68CC6EE560FDAE276,AU,,2021-01-15
005056B8A9EA1ED8ACEDEB8C21D9DE7D,AU,N,2021-01-15
B6FD162E60C91EE68E83F053EDCC4276,AU,N,2021-01-15
B6FD162E60C91EE6A2BFE197A8066276,AU,Y,2021-01-15
B6FD162E60C91EE6A2BFFF7DB2292276,AU,N,2021-01-15
0017A4770E001ED790DB971865FB80BD,AU,Y,2021-01-15
005056B85CC51EDABEB6AB79FB4F1EBA,AU,,2021-01-15
005056B85CC51EEAA9B46259598B5206,AU,Y,2021-01-15
B6FD162E60C91EE6A2BA1852E4F9A276,AU,N,2021-01-15
0017A47705F21EE68DF270C2DB231F31,AU,N,2021-01-15
B6FD162E60C91EE68DDF4DEFAA55E276,AU,N,2021-01-15
0017A47705F21EE68DEC517604809F31,AU,Y,2021-01-15
005056B8A9EA1ED9859CABC2FCAF3D50,AU,Y,2021-01-15
005056B8A9EA1EEA828F0CCAC21A4796,AU,Y,2021-01-15
0017A47705F21EE68CBA768226595F31,AU,N,2021-01-15
005056B829D81ED98FD14F3CAFBC7D6C,AU,Y,2021-01-15
005056B864471EDA929B8CA0699BE968,AU,Y,2021-01-15
005056B8A9EA1ED8B9D26308E075ACBD,AU,Y,2021-01-15
B6FD162E60C91EE68CF05101B73E4276,AU,N,2021-01-15
B6FD162E60C91EE68CF6B23524EC6276,AU,Y,2021-01-15
B6FD162E60C91EE68CE15B24AEB0E276,AU,,2021-01-15
B6FD162E60C91EE68E860A09FF8CA276,AU,Y,2021-01-15
B6FD162E60C91EE68E8AA2A58E1A6276,AU,N,2021-01-15
005056B85CC51EDB8A9B71A1C5B49034,AU,,2021-01-15
B6FD162E60C91EE6A2BF509E35310276,AU,N,2021-01-15
0017A47705F21EE68DF10D793592BF31,AU,Y,2021-01-15
B6FD162E60C91EE697D1F5D93FABE276,AU,,2021-01-15
D1C28602FDCA1ED6B993FAC865905611,AU,Y,2021-01-15
B6FD162E60C91EE68CC2DA265E012276,AU,,2021-01-15
005056B864471EDAB8927F7965395A4E,AU,Y,2021-01-15
0017A47705F21EE68BD584150637BF31,AU,Y,2021-01-15
0017A47705F21EE68DF24DDB59D31F31,AU,Y,2021-01-15
005056B829D81EDA86EAC9DA89E9AA68,AU,Y,2021-01-15
B6FD162E60C91EE68CECCBDF8EA26276,AU,Y,2021-01-15
B6FD162E60C91EE68CC4A4651D62A276,AU,N,2021-01-15
B6FD162E60C91EE68E9B14B70B1A6276,AU,Y,2021-01-15